{"cameraMode":{"drawMode":0,"name":"Shaded","section":"Shading Mode"},"sceneLighting":true,"audioPlay":false,"sceneViewState":{"m_AlwaysRefresh":false,"showFog":true,"showSkybox":true,"showFlares":true,"showImageEffects":true,"showParticleSystems":true,"showVisualEffectGraphs":true,"m_FxEnabled":true},"in2DMode":false,"pivot":{"x":-3.607210874557495,"y":13.648993492126465,"z":114.54914855957031},"rotation":{"x":0.007590261287987232,"y":0.9234692454338074,"z":-0.38317376375198367,"w":0.018286682665348054},"size":39.08530807495117,"orthographic":false}