{"cameraMode":{"drawMode":0,"name":"Shaded","section":"Shading Mode"},"sceneLighting":true,"audioPlay":false,"sceneViewState":{"showFog":true,"showMaterialUpdate":false,"showSkybox":true,"showFlares":true,"showImageEffects":true,"showParticleSystems":true,"showVisualEffectGraphs":true,"m_FxEnabled":true},"in2DMode":false,"pivot":{"x":23.569015502929689,"y":0.4842534065246582,"z":126.33988952636719},"rotation":{"x":0.2239026427268982,"y":-0.6838457584381104,"z":0.23425820469856263,"w":0.6537569761276245},"size":21.399242401123048,"orthographic":false}